{"stats":{"minecraft:picked_up":{"minecraft:oak_log":2,"luminousworld:white_petunias":1,"minecraft:dirt":1},"minecraft:custom":{"minecraft:time_since_rest":10013,"minecraft:sprint_one_cm":564,"minecraft:play_time":10013,"minecraft:damage_taken":10,"minecraft:walk_one_cm":2392,"minecraft:jump":5,"minecraft:leave_game":2,"minecraft:time_since_death":10013,"minecraft:total_world_time":10013,"minecraft:interact_with_crafting_table":3,"minecraft:fall_one_cm":335,"minecraft:fly_one_cm":83},"minecraft:crafted":{"minecraft:oak_planks":8,"iceandfire:earplugs":1,"minecraft:crafting_table":1,"minecraft:stick":4},"minecraft:used":{"iceandfire:earplugs":1,"minecraft:crafting_table":1},"minecraft:mined":{"luminousworld:white_petunias":1,"minecraft:grass_block":1,"minecraft:oak_log":4,"luminousworld:grassvariant_2":1}},"DataVersion":3465}