{"stats":{"minecraft:picked_up":{"luminousworld:groundpebbles_1":4,"minecraft:stick":1,"minecraft:crafting_table":1,"luminousworld:auburnlog":7,"minecraft:dandelion":1,"minecraft:wither_rose":1,"minecraft:oak_log":5,"minecraft:mossy_cobblestone":1,"minecraft:dirt":30,"iceandfire:graveyard_soil":1,"minecraft:stone_axe":1,"minecraft:mutton":3,"luminousworld:white_petunias":1,"minecraft:sugar_cane":28,"minecraft:iron_bars":1,"minecraft:white_wool":2,"minecraft:cobblestone":22},"minecraft:custom":{"minecraft:time_since_rest":14583,"minecraft:interact_with_furnace":5,"minecraft:sprint_one_cm":70915,"minecraft:damage_taken":283,"minecraft:walk_one_cm":22236,"minecraft:mob_kills":3,"minecraft:drop":3,"minecraft:damage_dealt":226,"minecraft:swim_one_cm":2186,"minecraft:interact_with_crafting_table":8,"minecraft:fly_one_cm":52136,"minecraft:crouch_one_cm":823,"minecraft:play_time":33723,"minecraft:deaths":1,"minecraft:sneak_time":561,"minecraft:walk_under_water_one_cm":436,"minecraft:jump":222,"minecraft:walk_on_water_one_cm":116,"minecraft:leave_game":3,"minecraft:time_since_death":15158,"minecraft:climb_one_cm":33,"minecraft:total_world_time":33723,"minecraft:fall_one_cm":5173},"minecraft:killed":{"naturalist:snail":1,"minecraft:sheep":2},"minecraft:crafted":{"luminousworld:autumnplank":28,"minecraft:oak_planks":20,"minecraft:crafting_table":3,"minecraft:stick":8,"minecraft:wooden_pickaxe":1,"minecraft:stone_pickaxe":1,"minecraft:furnace":1,"iceandfire:earplugs":1,"minecraft:stone_axe":1,"minecraft:air":0,"minecraft:cooked_mutton":3},"minecraft:dropped":{"minecraft:stone_axe":1,"luminousworld:groundpebbles_1":2},"minecraft:used":{"minecraft:cooked_mutton":2,"minecraft:iron_bars":1,"minecraft:stone_pickaxe":29,"iceandfire:graveyard_soil":1,"minecraft:wooden_pickaxe":10,"luminousworld:groundpebbles_1":1,"minecraft:stone_axe":15,"iceandfire:earplugs":1,"minecraft:mossy_cobblestone":1,"minecraft:dirt":11,"luminousworld:white_petunias":1,"minecraft:crafting_table":4,"minecraft:furnace":1,"minecraft:wither_rose":1,"alexsmobs:animal_dictionary":1,"minecraft:dandelion":1},"minecraft:killed_by":{"alexsmobs:crocodile":1},"minecraft:mined":{"luminousworld:white_petunias":1,"iceandfire:graveyard_soil":1,"minecraft:mossy_cobblestone":1,"luminousworld:autumnleaves":1,"minecraft:dandelion":1,"minecraft:wither_rose":1,"minecraft:crafting_table":1,"minecraft:grass":1,"minecraft:grass_block":4,"minecraft:oak_log":6,"minecraft:iron_bars":1,"minecraft:dirt":7,"luminousworld:auburnlog":7,"luminousworld:grassvariant_2":1,"luminousworld:grassvariant_3":1,"minecraft:stone":24,"minecraft:sugar_cane":21,"minecraft:oak_leaves":3,"luminousworld:groundpebbles_3":1}},"DataVersion":3465}