{"stats":{"minecraft:broken":{"iceandfire:earplugs":1},"minecraft:crafted":{"quark:blossom_planks_slab":6,"minecraft:oak_planks":72,"minecraft:cooked_chicken":1,"minecraft:furnace":1,"minecraft:cooked_mutton":3,"furnitura:oak_table":1,"minecraft:stone_pickaxe":3,"iceandfire:copper_pickaxe":1,"quark:chute":1,"iceandfire:silver_axe":1,"luminousworld:autumnplank":28,"quark:blossom_planks":4,"minecraft:cooked_porkchop":2,"iceandfire:silver_ingot":5,"minecraft:crafting_table":4,"minecraft:wooden_pickaxe":3,"minecraft:copper_ingot":3,"iceandfire:earplugs":3,"minecraft:stone_axe":2,"minecraft:bread":12,"minecraft:air":0,"minecraft:stick":32,"minecraft:gold_ingot":4,"iceandfire:silver_sword":1},"minecraft:picked_up":{"luminousworld:groundpebbles_1":10,"minecraft:crafting_table":2,"minecraft:chicken":1,"minecraft:enchanted_book":1,"minecraft:wither_rose":1,"tombstone:grave_key":6,"minecraft:string":27,"minecraft:experience_bottle":3,"quark:chute":2,"iceandfire:graveyard_soil":1,"minecraft:gold_nugget":90,"tombstone:scroll_of_unstable_intangibility":1,"minecraft:sugar_cane":28,"minecraft:furnace":1,"minecraft:stick":1,"luminousworld:auburnlog":7,"minecraft:oak_fence":1,"minecraft:porkchop":3,"quark:blossom_log":1,"minecraft:tnt":2,"minecraft:rotten_flesh":11,"iceandfire:earplugs":1,"minecraft:mutton":3,"minecraft:iron_bars":1,"minecraft:white_wool":2,"minecraft:cobblestone":41,"minecraft:birch_log":6,"born_in_chaos_v1:corpse_maggot":3,"minecraft:feather":1,"minecraft:oak_log":30,"minecraft:dirt":34,"born_in_chaos_v1:marigolds":1,"minecraft:bone":3,"minecraft:wheat_seeds":2,"minecraft:iron_ingot":2,"luminousworld:white_petunias":1,"minecraft:iron_sword":1,"minecraft:honeycomb":4,"minecraft:book":36,"iceandfire:copper_nugget":60,"minecraft:dandelion":1,"minecraft:mossy_cobblestone":1,"luminousworld:whiteoaklog":8,"minecraft:stone_axe":1,"minecraft:bread":2,"minecraft:oak_sapling":2,"iceandfire:silver_nugget":50,"quark:crimson_chest":1},"minecraft:dropped":{"minecraft:enchanted_book":1,"minecraft:honeycomb":2,"tombstone:grave_key":10,"tombstone:grave_dust":1,"iceandfire:earplugs":1,"minecraft:stone_axe":1,"quark:chute":1,"tombstone:scroll_of_unstable_intangibility":1,"luminousworld:groundpebbles_1":3},"minecraft:custom":{"minecraft:mob_kills":19,"minecraft:interact_with_crafting_table":26,"minecraft:leave_game":7,"minecraft:time_since_death":23841,"minecraft:climb_one_cm":2505,"minecraft:sprint_one_cm":285732,"minecraft:walk_one_cm":210375,"minecraft:drop":21,"minecraft:talked_to_villager":8,"minecraft:play_time":120254,"minecraft:deaths":10,"minecraft:sneak_time":1746,"minecraft:walk_under_water_one_cm":5224,"minecraft:jump":1154,"minecraft:walk_on_water_one_cm":5564,"minecraft:total_world_time":120254,"minecraft:interact_with_furnace":16,"minecraft:time_since_rest":23080,"minecraft:damage_taken":2147483647,"minecraft:damage_dealt":3056,"minecraft:swim_one_cm":29042,"minecraft:fly_one_cm":267348,"minecraft:open_chest":17,"minecraft:crouch_one_cm":4120,"tombstone:undead_killed":9,"minecraft:fall_one_cm":26859},"minecraft:killed":{"luminousworld:swallowtail":1,"undead_revamp2:thesmoker":1,"enemyexpansion:direwolf":1,"undead_revamp2:theswarmer":1,"born_in_chaos_v1:maggot":1,"naturalist:snail":1,"minecraft:chicken":1,"minecraft:pig":1,"enemyexpansion:sprinter":1,"born_in_chaos_v1:decrepit_skeleton":1,"minecraft:sheep":2,"minecraft:zombie":5,"alexsmobs:terrapin":1,"born_in_chaos_v1:corpse_fly":1},"minecraft:killed_by":{"born_in_chaos_v1:corpse_fly":1,"iceandfire:gorgon":2,"alexsmobs:crocodile":1,"undead_revamp2:bomber":1,"minecraft:skeleton":1,"minecraft:zombie":1},"minecraft:used":{"minecraft:oak_fence":1,"minecraft:iron_bars":1,"iceandfire:silver_sword":5,"minecraft:iron_sword":48,"minecraft:cooked_chicken":1,"minecraft:dirt":15,"quark:blossom_planks_slab":2,"minecraft:honeycomb":2,"quark:chute":1,"iceandfire:copper_pickaxe":5,"iceandfire:earplugs":3,"minecraft:furnace":1,"minecraft:oak_sapling":2,"tombstone:gift":4,"minecraft:cooked_mutton":3,"minecraft:stone_pickaxe":55,"minecraft:wooden_pickaxe":23,"luminousworld:groundpebbles_1":6,"minecraft:white_wool":2,"minecraft:mossy_cobblestone":1,"minecraft:tnt":1,"luminousworld:white_petunias":1,"minecraft:crafting_table":5,"iceandfire:silver_axe":44,"minecraft:bread":8,"iceandfire:graveyard_soil":1,"born_in_chaos_v1:marigolds":1,"minecraft:golden_leggings":1,"minecraft:golden_helmet":1,"minecraft:stone_axe":35,"furnitura:oak_table":1,"minecraft:cobblestone":1,"minecraft:porkchop":1,"minecraft:cooked_porkchop":2,"minecraft:wither_rose":1,"alexsmobs:animal_dictionary":1,"minecraft:dandelion":1,"minecraft:experience_bottle":2},"minecraft:mined":{"luminousworld:white_petunias":2,"iceandfire:graveyard_soil":1,"quark:yellow_blossom_leaves":3,"minecraft:mossy_cobblestone":1,"luminousworld:grassvariant_4":4,"luminousworld:autumnleaves":1,"iceandfire:copper_pile":10,"minecraft:grass_block":9,"luminousworld:grassvariant_2":6,"quark:chute":1,"luminousworld:groundpebbles_3":1,"minecraft:furnace":1,"minecraft:bookshelf":12,"iceandfire:gold_pile":15,"minecraft:iron_bars":1,"luminousworld:groundpebbles_2":4,"minecraft:stone":43,"born_in_chaos_v1:marigolds":1,"minecraft:dandelion":1,"minecraft:oak_fence":1,"minecraft:crafting_table":2,"quark:blossom_log":1,"luminousworld:auburnlog":7,"minecraft:tall_grass":1,"minecraft:sugar_cane":21,"luminousworld:whiteoaklog":9,"minecraft:birch_log":6,"minecraft:birch_leaves":3,"minecraft:tnt":2,"minecraft:wither_rose":1,"minecraft:grass":17,"minecraft:oak_log":31,"iceandfire:silver_pile":15,"minecraft:dirt":7,"luminousworld:grassvariant_3":6,"minecraft:cobweb":27,"quark:crimson_chest":1,"minecraft:oak_leaves":23}},"DataVersion":3465}