{"stats":{"minecraft:broken":{"iceandfire:earplugs":1},"minecraft:crafted":{"quark:blossom_planks_slab":6,"luminousworld:autumnplank":28,"minecraft:oak_planks":48,"quark:blossom_planks":4,"minecraft:cooked_porkchop":2,"minecraft:crafting_table":3,"minecraft:wooden_pickaxe":3,"minecraft:cooked_chicken":1,"minecraft:furnace":1,"iceandfire:earplugs":3,"minecraft:stone_axe":2,"minecraft:cooked_mutton":3,"minecraft:air":0,"minecraft:stick":24,"furnitura:oak_table":1,"minecraft:stone_pickaxe":2,"quark:chute":1},"minecraft:dropped":{"minecraft:enchanted_book":1,"iceandfire:earplugs":1,"minecraft:stone_axe":1,"quark:chute":1,"tombstone:scroll_of_unstable_intangibility":1,"tombstone:grave_key":10,"luminousworld:groundpebbles_1":2,"tombstone:grave_dust":1},"minecraft:picked_up":{"born_in_chaos_v1:corpse_maggot":3,"luminousworld:groundpebbles_1":5,"minecraft:crafting_table":2,"minecraft:feather":1,"minecraft:chicken":1,"minecraft:wither_rose":1,"minecraft:enchanted_book":1,"minecraft:oak_log":12,"tombstone:grave_key":6,"minecraft:string":27,"minecraft:dirt":34,"born_in_chaos_v1:marigolds":1,"minecraft:experience_bottle":3,"minecraft:bone":3,"quark:chute":2,"minecraft:gold_nugget":36,"iceandfire:graveyard_soil":1,"minecraft:wheat_seeds":2,"tombstone:scroll_of_unstable_intangibility":1,"minecraft:iron_ingot":1,"luminousworld:white_petunias":1,"minecraft:sugar_cane":28,"minecraft:iron_sword":1,"minecraft:furnace":1,"minecraft:stick":1,"iceandfire:copper_nugget":28,"luminousworld:auburnlog":7,"minecraft:dandelion":1,"quark:blossom_log":1,"minecraft:porkchop":3,"minecraft:mossy_cobblestone":1,"minecraft:tnt":1,"minecraft:rotten_flesh":9,"minecraft:stone_axe":1,"iceandfire:earplugs":1,"minecraft:oak_sapling":1,"iceandfire:silver_nugget":20,"minecraft:mutton":3,"minecraft:iron_bars":1,"minecraft:white_wool":2,"minecraft:cobblestone":38,"quark:crimson_chest":1},"minecraft:custom":{"minecraft:interact_with_furnace":16,"minecraft:mob_kills":17,"minecraft:interact_with_crafting_table":21,"minecraft:leave_game":7,"minecraft:time_since_death":11841,"minecraft:climb_one_cm":2505,"minecraft:time_since_rest":11080,"minecraft:sprint_one_cm":258424,"minecraft:damage_taken":2147483647,"minecraft:walk_one_cm":173933,"minecraft:drop":18,"minecraft:damage_dealt":2637,"minecraft:talked_to_villager":6,"minecraft:swim_one_cm":29042,"minecraft:fly_one_cm":244267,"minecraft:open_chest":12,"minecraft:crouch_one_cm":3474,"minecraft:play_time":108254,"tombstone:undead_killed":8,"minecraft:deaths":10,"minecraft:sneak_time":1516,"minecraft:walk_under_water_one_cm":5224,"minecraft:jump":1058,"minecraft:walk_on_water_one_cm":5150,"minecraft:total_world_time":108254,"minecraft:fall_one_cm":24705},"minecraft:killed":{"minecraft:pig":1,"luminousworld:swallowtail":1,"enemyexpansion:sprinter":1,"enemyexpansion:direwolf":1,"undead_revamp2:theswarmer":1,"born_in_chaos_v1:decrepit_skeleton":1,"born_in_chaos_v1:maggot":1,"naturalist:snail":1,"minecraft:sheep":2,"minecraft:zombie":5,"minecraft:chicken":1,"born_in_chaos_v1:corpse_fly":1},"minecraft:killed_by":{"iceandfire:gorgon":2,"alexsmobs:crocodile":1,"undead_revamp2:bomber":1,"minecraft:skeleton":1,"minecraft:zombie":1,"born_in_chaos_v1:corpse_fly":1},"minecraft:used":{"minecraft:cooked_mutton":3,"minecraft:iron_bars":1,"minecraft:stone_pickaxe":34,"minecraft:wooden_pickaxe":23,"minecraft:iron_sword":48,"luminousworld:groundpebbles_1":1,"minecraft:cooked_chicken":1,"minecraft:white_wool":2,"minecraft:mossy_cobblestone":1,"minecraft:dirt":15,"luminousworld:white_petunias":1,"minecraft:crafting_table":4,"quark:blossom_planks_slab":2,"minecraft:bread":3,"iceandfire:graveyard_soil":1,"quark:chute":1,"born_in_chaos_v1:marigolds":1,"minecraft:golden_leggings":1,"minecraft:golden_helmet":1,"minecraft:stone_axe":35,"iceandfire:earplugs":3,"furnitura:oak_table":1,"minecraft:cobblestone":1,"minecraft:cooked_porkchop":2,"minecraft:furnace":1,"minecraft:porkchop":1,"tombstone:gift":4,"alexsmobs:animal_dictionary":1,"minecraft:wither_rose":1,"minecraft:dandelion":1,"minecraft:experience_bottle":2},"minecraft:mined":{"luminousworld:white_petunias":2,"iceandfire:graveyard_soil":1,"born_in_chaos_v1:marigolds":1,"quark:yellow_blossom_leaves":3,"minecraft:mossy_cobblestone":1,"iceandfire:copper_pile":4,"luminousworld:grassvariant_4":3,"luminousworld:autumnleaves":1,"minecraft:dandelion":1,"minecraft:crafting_table":2,"minecraft:grass_block":9,"quark:blossom_log":1,"luminousworld:auburnlog":7,"luminousworld:grassvariant_2":5,"quark:chute":1,"minecraft:tall_grass":1,"minecraft:sugar_cane":21,"luminousworld:groundpebbles_3":1,"luminousworld:whiteoaklog":1,"minecraft:furnace":1,"minecraft:birch_leaves":3,"minecraft:tnt":1,"minecraft:wither_rose":1,"minecraft:grass":16,"iceandfire:gold_pile":6,"iceandfire:silver_pile":6,"minecraft:oak_log":13,"minecraft:iron_bars":1,"minecraft:dirt":7,"luminousworld:grassvariant_3":6,"minecraft:cobweb":27,"quark:crimson_chest":1,"minecraft:stone":40,"minecraft:oak_leaves":21}},"DataVersion":3465}