{"stats":{"minecraft:picked_up":{"luminousworld:groundpebbles_1":4,"minecraft:stick":1,"minecraft:crafting_table":1,"luminousworld:auburnlog":7,"minecraft:dandelion":1,"minecraft:wither_rose":1,"minecraft:oak_log":5,"minecraft:mossy_cobblestone":1,"minecraft:dirt":30,"minecraft:stone_axe":1,"luminousworld:white_petunias":1,"minecraft:sugar_cane":28,"minecraft:cobblestone":20},"minecraft:custom":{"minecraft:time_since_rest":2583,"minecraft:sprint_one_cm":36165,"minecraft:damage_taken":263,"minecraft:walk_one_cm":15687,"minecraft:mob_kills":1,"minecraft:drop":3,"minecraft:damage_dealt":66,"minecraft:swim_one_cm":2186,"minecraft:interact_with_crafting_table":6,"minecraft:fly_one_cm":25880,"minecraft:crouch_one_cm":823,"minecraft:play_time":21723,"minecraft:deaths":1,"minecraft:sneak_time":529,"minecraft:walk_under_water_one_cm":436,"minecraft:jump":119,"minecraft:walk_on_water_one_cm":116,"minecraft:leave_game":3,"minecraft:time_since_death":3158,"minecraft:total_world_time":21723,"minecraft:fall_one_cm":2692},"minecraft:killed":{"naturalist:snail":1},"minecraft:crafted":{"minecraft:oak_planks":20,"minecraft:crafting_table":2,"minecraft:stick":8,"minecraft:wooden_pickaxe":1,"minecraft:stone_pickaxe":1,"iceandfire:earplugs":1,"minecraft:stone_axe":1},"minecraft:dropped":{"minecraft:stone_axe":1,"luminousworld:groundpebbles_1":2},"minecraft:used":{"minecraft:stone_pickaxe":26,"minecraft:wooden_pickaxe":10,"luminousworld:groundpebbles_1":1,"minecraft:stone_axe":13,"iceandfire:earplugs":1,"minecraft:mossy_cobblestone":1,"minecraft:dirt":11,"luminousworld:white_petunias":1,"minecraft:crafting_table":3,"minecraft:wither_rose":1,"alexsmobs:animal_dictionary":1,"minecraft:dandelion":1},"minecraft:killed_by":{"alexsmobs:crocodile":1},"minecraft:mined":{"luminousworld:white_petunias":1,"minecraft:mossy_cobblestone":1,"luminousworld:autumnleaves":1,"minecraft:dandelion":1,"minecraft:wither_rose":1,"minecraft:crafting_table":1,"minecraft:grass":1,"minecraft:grass_block":4,"minecraft:oak_log":6,"minecraft:dirt":7,"luminousworld:auburnlog":7,"luminousworld:grassvariant_2":1,"luminousworld:grassvariant_3":1,"minecraft:stone":22,"minecraft:sugar_cane":21,"minecraft:oak_leaves":2,"luminousworld:groundpebbles_3":1}},"DataVersion":3465}