{"stats":{"minecraft:picked_up":{"born_in_chaos_v1:corpse_maggot":2,"luminousworld:groundpebbles_1":4,"minecraft:crafting_table":2,"minecraft:wither_rose":1,"minecraft:oak_log":7,"tombstone:grave_key":3,"minecraft:dirt":33,"minecraft:bone":2,"iceandfire:graveyard_soil":1,"luminousworld:white_petunias":1,"minecraft:sugar_cane":28,"minecraft:furnace":1,"minecraft:stick":1,"luminousworld:auburnlog":7,"minecraft:dandelion":1,"minecraft:mossy_cobblestone":1,"minecraft:rotten_flesh":4,"minecraft:stone_axe":1,"minecraft:mutton":3,"minecraft:iron_bars":1,"minecraft:white_wool":2,"minecraft:cobblestone":29},"minecraft:custom":{"minecraft:interact_with_furnace":6,"minecraft:mob_kills":7,"minecraft:interact_with_crafting_table":11,"minecraft:leave_game":6,"minecraft:time_since_death":2970,"minecraft:climb_one_cm":33,"minecraft:time_since_rest":571,"minecraft:sprint_one_cm":125358,"minecraft:damage_taken":2147483647,"minecraft:walk_one_cm":55173,"minecraft:drop":7,"minecraft:damage_dealt":1135,"minecraft:swim_one_cm":22656,"minecraft:fly_one_cm":89386,"minecraft:crouch_one_cm":1351,"minecraft:play_time":58999,"tombstone:undead_killed":2,"minecraft:deaths":7,"minecraft:sneak_time":722,"minecraft:walk_under_water_one_cm":4518,"minecraft:jump":442,"minecraft:walk_on_water_one_cm":4334,"minecraft:total_world_time":58999,"minecraft:fall_one_cm":8679},"minecraft:killed":{"enemyexpansion:direwolf":1,"born_in_chaos_v1:decrepit_skeleton":1,"naturalist:snail":1,"minecraft:sheep":2,"minecraft:zombie":1,"born_in_chaos_v1:corpse_fly":1},"minecraft:crafted":{"luminousworld:autumnplank":28,"minecraft:oak_planks":28,"minecraft:crafting_table":3,"minecraft:wooden_pickaxe":2,"minecraft:furnace":1,"iceandfire:earplugs":1,"minecraft:stone_axe":2,"minecraft:cooked_mutton":3,"minecraft:air":0,"minecraft:stick":12,"minecraft:stone_pickaxe":1},"minecraft:dropped":{"minecraft:stone_axe":1,"tombstone:grave_key":3,"luminousworld:groundpebbles_1":2,"tombstone:grave_dust":1},"minecraft:used":{"minecraft:cooked_mutton":3,"minecraft:iron_bars":1,"minecraft:stone_pickaxe":34,"minecraft:wooden_pickaxe":14,"luminousworld:groundpebbles_1":1,"minecraft:white_wool":2,"minecraft:mossy_cobblestone":1,"minecraft:dirt":14,"luminousworld:white_petunias":1,"minecraft:crafting_table":4,"iceandfire:graveyard_soil":1,"minecraft:stone_axe":23,"iceandfire:earplugs":1,"minecraft:cobblestone":1,"minecraft:furnace":1,"tombstone:gift":2,"alexsmobs:animal_dictionary":1,"minecraft:wither_rose":1,"minecraft:dandelion":1},"minecraft:broken":{"iceandfire:earplugs":1},"minecraft:killed_by":{"iceandfire:gorgon":2,"alexsmobs:crocodile":1,"undead_revamp2:bomber":1,"minecraft:zombie":1,"born_in_chaos_v1:corpse_fly":1},"minecraft:mined":{"luminousworld:white_petunias":2,"iceandfire:graveyard_soil":1,"minecraft:mossy_cobblestone":1,"luminousworld:grassvariant_4":1,"luminousworld:autumnleaves":1,"minecraft:dandelion":1,"minecraft:crafting_table":2,"minecraft:grass_block":8,"luminousworld:auburnlog":7,"luminousworld:grassvariant_2":2,"minecraft:sugar_cane":21,"luminousworld:groundpebbles_3":1,"luminousworld:whiteoaklog":1,"minecraft:furnace":1,"minecraft:birch_leaves":3,"minecraft:wither_rose":1,"minecraft:grass":3,"minecraft:oak_log":8,"minecraft:iron_bars":1,"minecraft:dirt":7,"luminousworld:grassvariant_3":3,"minecraft:stone":31,"minecraft:oak_leaves":3}},"DataVersion":3465}