{"stats":{"minecraft:picked_up":{"luminousworld:groundpebbles_1":4,"minecraft:crafting_table":2,"minecraft:wither_rose":1,"minecraft:oak_log":5,"minecraft:dirt":30,"iceandfire:graveyard_soil":1,"luminousworld:white_petunias":1,"minecraft:sugar_cane":28,"minecraft:furnace":1,"minecraft:stick":1,"luminousworld:auburnlog":7,"minecraft:dandelion":1,"minecraft:mossy_cobblestone":1,"minecraft:stone_axe":1,"minecraft:mutton":3,"minecraft:iron_bars":1,"minecraft:white_wool":2,"minecraft:cobblestone":26},"minecraft:custom":{"minecraft:interact_with_furnace":6,"minecraft:mob_kills":3,"minecraft:interact_with_crafting_table":8,"minecraft:leave_game":4,"minecraft:time_since_death":493,"minecraft:climb_one_cm":33,"minecraft:time_since_rest":1,"minecraft:sprint_one_cm":102949,"minecraft:damage_taken":2147483647,"minecraft:walk_one_cm":32595,"minecraft:drop":4,"minecraft:damage_dealt":365,"minecraft:swim_one_cm":14114,"minecraft:fly_one_cm":71869,"minecraft:crouch_one_cm":1192,"minecraft:play_time":41930,"minecraft:deaths":3,"minecraft:sneak_time":686,"minecraft:walk_under_water_one_cm":2672,"minecraft:jump":326,"minecraft:walk_on_water_one_cm":2309,"minecraft:total_world_time":41930,"minecraft:fall_one_cm":6905},"minecraft:killed":{"naturalist:snail":1,"minecraft:sheep":2},"minecraft:crafted":{"luminousworld:autumnplank":28,"minecraft:oak_planks":20,"minecraft:crafting_table":3,"minecraft:wooden_pickaxe":1,"minecraft:furnace":1,"iceandfire:earplugs":1,"minecraft:stone_axe":1,"minecraft:cooked_mutton":3,"minecraft:air":0,"minecraft:stick":8,"minecraft:stone_pickaxe":1},"minecraft:dropped":{"minecraft:stone_axe":1,"luminousworld:groundpebbles_1":2,"tombstone:grave_dust":1},"minecraft:used":{"minecraft:cooked_mutton":3,"minecraft:iron_bars":1,"minecraft:stone_pickaxe":34,"minecraft:wooden_pickaxe":10,"luminousworld:groundpebbles_1":1,"minecraft:white_wool":2,"minecraft:mossy_cobblestone":1,"minecraft:dirt":11,"luminousworld:white_petunias":1,"minecraft:crafting_table":4,"iceandfire:graveyard_soil":1,"minecraft:stone_axe":21,"iceandfire:earplugs":1,"minecraft:cobblestone":1,"minecraft:furnace":1,"tombstone:gift":2,"alexsmobs:animal_dictionary":1,"minecraft:wither_rose":1,"minecraft:dandelion":1},"minecraft:broken":{"iceandfire:earplugs":1},"minecraft:killed_by":{"iceandfire:gorgon":2,"alexsmobs:crocodile":1},"minecraft:mined":{"luminousworld:white_petunias":1,"iceandfire:graveyard_soil":1,"minecraft:mossy_cobblestone":1,"luminousworld:autumnleaves":1,"minecraft:dandelion":1,"minecraft:crafting_table":2,"minecraft:grass_block":4,"luminousworld:auburnlog":7,"luminousworld:grassvariant_2":1,"minecraft:sugar_cane":21,"luminousworld:groundpebbles_3":1,"minecraft:furnace":1,"minecraft:birch_leaves":3,"minecraft:wither_rose":1,"minecraft:grass":1,"minecraft:oak_log":6,"minecraft:iron_bars":1,"minecraft:dirt":7,"luminousworld:grassvariant_3":1,"minecraft:stone":28,"minecraft:oak_leaves":3}},"DataVersion":3465}