{"stats":{"minecraft:picked_up":{"born_in_chaos_v1:corpse_maggot":2,"luminousworld:groundpebbles_1":4,"minecraft:crafting_table":2,"minecraft:wither_rose":1,"minecraft:oak_log":12,"tombstone:grave_key":4,"minecraft:dirt":33,"minecraft:bone":3,"quark:chute":2,"iceandfire:graveyard_soil":1,"minecraft:wheat_seeds":1,"luminousworld:white_petunias":1,"minecraft:sugar_cane":28,"minecraft:furnace":1,"minecraft:stick":1,"luminousworld:auburnlog":7,"minecraft:dandelion":1,"minecraft:mossy_cobblestone":1,"minecraft:rotten_flesh":7,"minecraft:stone_axe":1,"minecraft:mutton":3,"minecraft:iron_bars":1,"minecraft:white_wool":2,"minecraft:cobblestone":38},"minecraft:custom":{"minecraft:interact_with_furnace":6,"minecraft:mob_kills":9,"minecraft:interact_with_crafting_table":20,"minecraft:leave_game":6,"minecraft:time_since_death":2370,"minecraft:climb_one_cm":33,"minecraft:time_since_rest":1,"minecraft:sprint_one_cm":143009,"minecraft:damage_taken":2147483647,"minecraft:walk_one_cm":69862,"minecraft:drop":11,"minecraft:damage_dealt":1684,"minecraft:swim_one_cm":22656,"minecraft:fly_one_cm":121424,"minecraft:crouch_one_cm":1489,"minecraft:play_time":70999,"tombstone:undead_killed":4,"minecraft:deaths":8,"minecraft:sneak_time":811,"minecraft:walk_under_water_one_cm":4518,"minecraft:jump":559,"minecraft:walk_on_water_one_cm":4334,"minecraft:total_world_time":70999,"minecraft:fall_one_cm":11908},"minecraft:killed":{"enemyexpansion:sprinter":1,"enemyexpansion:direwolf":1,"undead_revamp2:theswarmer":1,"born_in_chaos_v1:decrepit_skeleton":1,"naturalist:snail":1,"minecraft:sheep":2,"minecraft:zombie":1,"born_in_chaos_v1:corpse_fly":1},"minecraft:crafted":{"luminousworld:autumnplank":28,"minecraft:oak_planks":48,"minecraft:crafting_table":3,"minecraft:wooden_pickaxe":3,"minecraft:furnace":1,"iceandfire:earplugs":3,"minecraft:stone_axe":2,"minecraft:cooked_mutton":3,"minecraft:air":0,"minecraft:stick":24,"furnitura:oak_table":1,"minecraft:stone_pickaxe":2,"quark:chute":1},"minecraft:dropped":{"iceandfire:earplugs":1,"minecraft:stone_axe":1,"quark:chute":1,"tombstone:grave_key":5,"luminousworld:groundpebbles_1":2,"tombstone:grave_dust":1},"minecraft:used":{"minecraft:cooked_mutton":3,"minecraft:iron_bars":1,"minecraft:stone_pickaxe":34,"minecraft:wooden_pickaxe":23,"luminousworld:groundpebbles_1":1,"minecraft:white_wool":2,"minecraft:mossy_cobblestone":1,"minecraft:dirt":14,"luminousworld:white_petunias":1,"minecraft:crafting_table":4,"iceandfire:graveyard_soil":1,"quark:chute":1,"minecraft:stone_axe":35,"iceandfire:earplugs":2,"furnitura:oak_table":1,"minecraft:cobblestone":1,"minecraft:furnace":1,"tombstone:gift":4,"alexsmobs:animal_dictionary":1,"minecraft:wither_rose":1,"minecraft:dandelion":1},"minecraft:broken":{"iceandfire:earplugs":1},"minecraft:killed_by":{"iceandfire:gorgon":2,"alexsmobs:crocodile":1,"undead_revamp2:bomber":1,"minecraft:skeleton":1,"minecraft:zombie":1,"born_in_chaos_v1:corpse_fly":1},"minecraft:mined":{"luminousworld:white_petunias":2,"iceandfire:graveyard_soil":1,"minecraft:mossy_cobblestone":1,"luminousworld:grassvariant_4":1,"luminousworld:autumnleaves":1,"minecraft:dandelion":1,"minecraft:crafting_table":2,"minecraft:grass_block":8,"luminousworld:auburnlog":7,"luminousworld:grassvariant_2":4,"quark:chute":1,"minecraft:sugar_cane":21,"luminousworld:groundpebbles_3":1,"luminousworld:whiteoaklog":1,"minecraft:furnace":1,"minecraft:birch_leaves":3,"minecraft:wither_rose":1,"minecraft:grass":15,"minecraft:oak_log":13,"minecraft:iron_bars":1,"minecraft:dirt":7,"luminousworld:grassvariant_3":6,"minecraft:stone":40,"minecraft:oak_leaves":7}},"DataVersion":3465}