{"stats":{"minecraft:picked_up":{"minecraft:oak_log":2},"minecraft:custom":{"minecraft:jump":59,"minecraft:time_since_rest":6288,"minecraft:damage_dealt":213,"minecraft:walk_on_water_one_cm":353,"minecraft:deaths":2,"minecraft:sprint_one_cm":8803,"minecraft:play_time":12301,"minecraft:damage_taken":515,"minecraft:time_since_death":6661,"minecraft:walk_one_cm":7732,"minecraft:total_world_time":12301,"minecraft:fall_one_cm":627,"minecraft:fly_one_cm":10281},"minecraft:crafted":{"minecraft:crafting_table":1,"luminousworld:white_oak_plank":4},"minecraft:mined":{"minecraft:oak_log":2},"minecraft:killed_by":{"born_in_chaos_v1:corpse_fly":1,"minecraft:zombie":1}},"DataVersion":3465}