{"stats":{"minecraft:picked_up":{"born_in_chaos_v1:corpse_maggot":5,"luminousworld:groundpebbles_1":1,"minecraft:crafting_table":1,"minecraft:feather":5,"minecraft:chicken":8,"ecologics:coconut_planks":1,"enemyexpansion:wasp_thorax":1,"minecraft:oak_log":5,"minecraft:string":2,"minecraft:dirt":8,"minecraft:rotten_flesh":5,"undead_revamp2:blacpetalblock":1,"minecraft:wheat_seeds":1,"ecologics:coconut_log":2,"iceandfire:earplugs":1,"minecraft:mutton":3,"undead_revamp2:arapholia":1,"minecraft:white_wool":3,"minecraft:cobblestone":8},"minecraft:custom":{"minecraft:time_since_rest":300,"minecraft:sprint_one_cm":41511,"minecraft:damage_taken":890,"minecraft:walk_one_cm":25592,"minecraft:mob_kills":28,"minecraft:drop":6,"minecraft:damage_dealt":3548,"minecraft:swim_one_cm":1198,"minecraft:interact_with_crafting_table":5,"minecraft:fly_one_cm":78627,"minecraft:crouch_one_cm":1638,"minecraft:play_time":24301,"tombstone:undead_killed":6,"minecraft:deaths":3,"minecraft:sneak_time":945,"minecraft:walk_under_water_one_cm":838,"minecraft:jump":368,"minecraft:walk_on_water_one_cm":1329,"minecraft:time_since_death":966,"minecraft:total_world_time":24301,"minecraft:fall_one_cm":7816},"minecraft:killed":{"minecraft:sheep":3,"earthmobsmod:duck":6,"minecraft:zombie":2,"minecraft:chicken":2,"born_in_chaos_v1:corpse_fly":6,"naturalist:butterfly":1,"minecraft:spider":1,"undead_revamp2:the_moonflower":4,"enemyexpansion:wasp":2,"born_in_chaos_v1:maggot":1},"minecraft:dropped":{"minecraft:wheat_seeds":1,"minecraft:wooden_axe":1,"luminousworld:groundpebbles_1":1,"born_in_chaos_v1:corpse_maggot":2,"minecraft:rotten_flesh":1,"minecraft:wooden_pickaxe":1},"minecraft:crafted":{"minecraft:oak_planks":20,"minecraft:crafting_table":1,"ecologics:coconut_planks":8,"luminousworld:white_oak_plank":4,"minecraft:stick":8,"minecraft:wooden_pickaxe":1,"minecraft:stone_pickaxe":1,"minecraft:wooden_axe":1,"minecraft:stone_axe":1},"minecraft:used":{"born_in_chaos_v1:corpse_maggot":3,"minecraft:wooden_axe":14,"minecraft:wooden_pickaxe":8,"ecologics:coconut_planks":1,"minecraft:rotten_flesh":4,"minecraft:stone_axe":37,"iceandfire:earplugs":1,"minecraft:dirt":5,"minecraft:crafting_table":1,"undead_revamp2:arapholia":1},"minecraft:killed_by":{"born_in_chaos_v1:corpse_fly":1,"minecraft:zombie":1,"born_in_chaos_v1:corpse_fish":1},"minecraft:mined":{"ecologics:coconut_planks":1,"minecraft:crafting_table":1,"minecraft:grass_block":3,"minecraft:oak_log":5,"minecraft:dirt":5,"luminousworld:grassvariant_2":2,"luminousworld:grassvariant_3":1,"minecraft:tall_grass":4,"ecologics:coconut_log":2,"luminousworld:groundpebbles_2":1,"minecraft:stone":8}},"DataVersion":3465}