{"stats":{"minecraft:picked_up":{"born_in_chaos_v1:fused_bone":2,"luminousworld:groundpebbles_1":1,"born_in_chaos_v1:corpse_maggot":5,"minecraft:crafting_table":1,"minecraft:feather":5,"minecraft:chicken":8,"ecologics:coconut_planks":1,"enemyexpansion:wasp_thorax":1,"minecraft:oak_log":5,"tombstone:grave_key":2,"minecraft:gunpowder":4,"minecraft:dirt":8,"minecraft:string":2,"undead_revamp2:blacpetalblock":1,"minecraft:wheat_seeds":1,"minecraft:sugar_cane":6,"tombstone:grave_dust":2,"minecraft:mossy_cobblestone":1,"minecraft:rotten_flesh":9,"ecologics:coconut_log":2,"iceandfire:earplugs":1,"minecraft:coal":25,"minecraft:mutton":3,"undead_revamp2:arapholia":1,"iceandfire:raw_silver":1,"minecraft:white_wool":3,"minecraft:cobblestone":22},"minecraft:custom":{"minecraft:mob_kills":36,"minecraft:interact_with_crafting_table":5,"minecraft:time_since_death":5074,"minecraft:time_since_rest":3245,"minecraft:sprint_one_cm":115996,"minecraft:damage_taken":1099,"minecraft:walk_one_cm":43174,"minecraft:drop":10,"minecraft:damage_dealt":5196,"minecraft:swim_one_cm":5323,"minecraft:fly_one_cm":180012,"minecraft:crouch_one_cm":2022,"minecraft:play_time":36301,"tombstone:undead_killed":12,"minecraft:deaths":4,"minecraft:sneak_time":1084,"minecraft:walk_under_water_one_cm":1150,"minecraft:jump":790,"minecraft:walk_on_water_one_cm":2447,"minecraft:total_world_time":36301,"minecraft:fall_one_cm":18706},"minecraft:killed":{"earthmobsmod:duck":6,"naturalist:butterfly":1,"undead_revamp2:the_moonflower":4,"minecraft:spider":1,"born_in_chaos_v1:siamese_skeletonsright":1,"minecraft:creeper":2,"born_in_chaos_v1:maggot":1,"minecraft:sheep":3,"enemyexpansion:meature":3,"minecraft:zombie":3,"minecraft:chicken":2,"born_in_chaos_v1:corpse_fly":6,"born_in_chaos_v1:siamese_skeletonsleft":1,"enemyexpansion:wasp":2},"minecraft:dropped":{"minecraft:wheat_seeds":1,"minecraft:rotten_flesh":3,"tombstone:grave_key":2,"luminousworld:groundpebbles_1":1,"minecraft:wooden_axe":1,"born_in_chaos_v1:corpse_maggot":2,"minecraft:wooden_pickaxe":1},"minecraft:crafted":{"minecraft:oak_planks":20,"minecraft:crafting_table":1,"ecologics:coconut_planks":8,"minecraft:wooden_pickaxe":1,"minecraft:stone_axe":1,"luminousworld:white_oak_plank":4,"minecraft:stick":8,"minecraft:stone_pickaxe":1,"minecraft:wooden_axe":1},"minecraft:used":{"minecraft:stone_pickaxe":42,"minecraft:wooden_pickaxe":8,"ecologics:coconut_planks":1,"minecraft:rotten_flesh":6,"minecraft:mossy_cobblestone":1,"minecraft:dirt":5,"minecraft:crafting_table":1,"born_in_chaos_v1:corpse_maggot":3,"minecraft:wooden_axe":14,"minecraft:stone_axe":63,"iceandfire:earplugs":1,"tombstone:gift":4,"undead_revamp2:arapholia":1},"minecraft:killed_by":{"minecraft:zombie":1,"born_in_chaos_v1:corpse_fish":1,"born_in_chaos_v1:corpse_fly":1},"minecraft:mined":{"iceandfire:silver_ore":1,"ecologics:coconut_planks":1,"minecraft:mossy_cobblestone":2,"luminousworld:grassvariant_4":2,"minecraft:crafting_table":1,"minecraft:grass_block":3,"luminousworld:grassvariant_2":2,"minecraft:tall_grass":4,"ecologics:coconut_log":2,"minecraft:sugar_cane":2,"minecraft:grass":3,"minecraft:coal_ore":25,"minecraft:oak_log":5,"minecraft:dirt":5,"luminousworld:grassvariant_3":2,"luminousworld:groundpebbles_2":1,"minecraft:stone":22,"minecraft:oak_leaves":2}},"DataVersion":3465}