{"stats":{"minecraft:picked_up":{"born_in_chaos_v1:fused_bone":2,"luminousworld:groundpebbles_1":1,"born_in_chaos_v1:corpse_maggot":5,"minecraft:crafting_table":3,"minecraft:feather":5,"minecraft:chicken":8,"ecologics:coconut_planks":1,"enemyexpansion:wasp_thorax":1,"minecraft:enchanted_book":1,"minecraft:oak_log":21,"tombstone:grave_key":2,"minecraft:gunpowder":4,"minecraft:dirt":8,"minecraft:string":2,"naturalist:bass":2,"undead_revamp2:blacpetalblock":3,"minecraft:wheat_seeds":1,"tombstone:scroll_of_unstable_intangibility":1,"minecraft:sugar_cane":6,"minecraft:oak_planks":1,"minecraft:furnace":1,"minecraft:porkchop":2,"quark:blossom_log":1,"tombstone:grave_dust":2,"minecraft:mossy_cobblestone":1,"minecraft:rotten_flesh":9,"ecologics:coconut_log":2,"iceandfire:earplugs":1,"minecraft:coal":25,"minecraft:mutton":3,"undead_revamp2:arapholia":1,"iceandfire:raw_silver":1,"minecraft:white_wool":3,"minecraft:cobblestone":22},"minecraft:custom":{"minecraft:interact_with_furnace":7,"minecraft:mob_kills":41,"minecraft:interact_with_crafting_table":9,"minecraft:leave_game":1,"minecraft:time_since_death":17988,"minecraft:time_since_rest":16159,"minecraft:sprint_one_cm":138787,"minecraft:damage_taken":1188,"minecraft:walk_one_cm":57008,"minecraft:drop":15,"minecraft:damage_dealt":5666,"minecraft:swim_one_cm":11576,"minecraft:fly_one_cm":225040,"minecraft:open_chest":1,"minecraft:crouch_one_cm":2221,"minecraft:play_time":49215,"tombstone:undead_killed":13,"minecraft:deaths":4,"minecraft:sneak_time":1178,"minecraft:walk_under_water_one_cm":2612,"minecraft:jump":1030,"minecraft:walk_on_water_one_cm":3678,"minecraft:total_world_time":49215,"minecraft:fall_one_cm":27815},"minecraft:killed":{"earthmobsmod:duck":6,"minecraft:pig":1,"naturalist:butterfly":1,"undead_revamp2:the_moonflower":4,"minecraft:spider":1,"born_in_chaos_v1:siamese_skeletonsright":1,"minecraft:creeper":2,"born_in_chaos_v1:maggot":1,"minecraft:sheep":3,"enemyexpansion:meature":3,"minecraft:zombie":3,"alexsmobs:terrapin":1,"minecraft:chicken":2,"born_in_chaos_v1:corpse_fly":6,"naturalist:bass":2,"minecraft:drowned":1,"born_in_chaos_v1:siamese_skeletonsleft":1,"enemyexpansion:wasp":2},"minecraft:crafted":{"minecraft:oak_planks":84,"quark:blossom_planks":4,"minecraft:cooked_porkchop":1,"minecraft:crafting_table":1,"ecologics:coconut_planks":8,"minecraft:cooked_chicken":8,"minecraft:wooden_pickaxe":1,"minecraft:furnace":1,"minecraft:stone_axe":2,"minecraft:cooked_mutton":2,"minecraft:air":0,"luminousworld:white_oak_plank":4,"minecraft:stick":24,"minecraft:stone_pickaxe":1,"minecraft:wooden_axe":1,"minecraft:stone_sword":1},"minecraft:dropped":{"minecraft:enchanted_book":2,"iceandfire:earplugs":1,"minecraft:wheat_seeds":1,"minecraft:rotten_flesh":3,"tombstone:scroll_of_unstable_intangibility":1,"tombstone:grave_key":2,"luminousworld:groundpebbles_1":1,"minecraft:wooden_axe":1,"born_in_chaos_v1:corpse_maggot":2,"minecraft:wooden_pickaxe":1,"undead_revamp2:blacpetalblock":1},"minecraft:used":{"naturalist:bass":2,"minecraft:cooked_mutton":1,"undead_revamp2:blacpetalblock":2,"minecraft:stone_pickaxe":43,"minecraft:wooden_pickaxe":8,"ecologics:coconut_planks":1,"minecraft:rotten_flesh":6,"minecraft:mossy_cobblestone":1,"minecraft:dirt":5,"minecraft:mutton":1,"minecraft:crafting_table":3,"born_in_chaos_v1:corpse_maggot":3,"minecraft:wooden_axe":14,"minecraft:golden_helmet":2,"minecraft:stone_axe":89,"iceandfire:earplugs":2,"minecraft:fire_charge":2,"minecraft:cooked_porkchop":1,"minecraft:furnace":1,"minecraft:porkchop":1,"quark:blossom_planks":4,"tombstone:gift":4,"undead_revamp2:arapholia":1,"tombstone:scroll_of_unstable_intangibility":1},"minecraft:broken":{"minecraft:stone_axe":1},"minecraft:killed_by":{"minecraft:zombie":1,"born_in_chaos_v1:corpse_fish":1,"born_in_chaos_v1:corpse_fly":1},"minecraft:mined":{"iceandfire:silver_ore":1,"ecologics:coconut_planks":1,"minecraft:mossy_cobblestone":2,"luminousworld:grassvariant_4":2,"minecraft:crafting_table":3,"minecraft:grass_block":3,"undead_revamp2:blacpetalblock":2,"quark:blossom_log":1,"luminousworld:grassvariant_2":2,"minecraft:tall_grass":6,"ecologics:coconut_log":2,"minecraft:sugar_cane":2,"minecraft:furnace":1,"minecraft:grass":5,"minecraft:coal_ore":25,"minecraft:oak_log":21,"minecraft:dirt":5,"luminousworld:grassvariant_3":2,"luminousworld:groundpebbles_2":2,"minecraft:stone":22,"minecraft:oak_leaves":3}},"DataVersion":3465}